[{"Order ID": "JZG", "Ordered by": "nd@9696", "Items": [{"Product ID": "790M", "Quantity": 1, "Price": 300, "Booking Start Date": "2022-05-09", "Booking End Date": "2022-06-09"}], "Total Cost": 9300}, {"Order ID": "MEG", "Ordered by": "nd@9696", "Items": [{"Product ID": "ND4Y", "Quantity": 1, "Price": 200, "Booking Start Date": "2022-04-07", "Booking End Date": "2022-06-05"}], "Total Cost": 11800}, {"Order ID": "W4Q", "Ordered by": "nd@9696", "Items": [{"Product ID": "ND4Y", "Quantity": 2, "Price": 200, "Booking Start Date": "2022-08-09", "Booking End Date": "2022-09-09"}], "Total Cost": 12400}, {"Order ID": "64K", "Ordered by": "nd@9696", "Items": [{"Product ID": "ND4Y", "Quantity": 3, "Price": 200, "Booking Start Date": "2022-05-08", "Booking End Date": "2022-06-09"}], "Total Cost": 19200}]